{
  "Top": "fir_wrap",
  "RtlTop": "fir_wrap",
  "RtlPrefix": "",
  "RtlSubPrefix": "fir_wrap_",
  "SourceLanguage": "cpp",
  "HostMachineBits": "64",
  "FunctionProtocol": "ap_ctrl_hs",
  "ResetStyle": "control",
  "Target": {
    "Family": "zynq",
    "Device": "xc7z020",
    "Package": "-clg484",
    "Speed": "-1",
    "Triple": "fpga64-xilinx-none"
  },
  "Args": {
    "y": {
      "index": "0",
      "direction": "inout",
      "srcType": "int*",
      "srcSize": "32",
      "hwRefs": [
        {
          "type": "interface",
          "interface": "m_axi_gmem",
          "name": "",
          "usage": "data",
          "direction": "out"
        },
        {
          "type": "register",
          "interface": "s_axi_control",
          "name": "y_1",
          "usage": "address",
          "direction": "in"
        },
        {
          "type": "register",
          "interface": "s_axi_control",
          "name": "y_2",
          "usage": "address",
          "direction": "in"
        }
      ]
    },
    "x": {
      "index": "1",
      "direction": "inout",
      "srcType": "int*",
      "srcSize": "32",
      "hwRefs": [
        {
          "type": "interface",
          "interface": "m_axi_gmem",
          "name": "",
          "usage": "data",
          "direction": "out"
        },
        {
          "type": "register",
          "interface": "s_axi_control",
          "name": "x_1",
          "usage": "address",
          "direction": "in"
        },
        {
          "type": "register",
          "interface": "s_axi_control",
          "name": "x_2",
          "usage": "address",
          "direction": "in"
        }
      ]
    },
    "len": {
      "index": "2",
      "direction": "in",
      "srcType": "int",
      "srcSize": "32",
      "hwRefs": [{
          "type": "register",
          "interface": "s_axi_CTRL",
          "name": "len",
          "usage": "data",
          "direction": "in"
        }]
    },
    "coef": {
      "index": "3",
      "direction": "inout",
      "srcType": "int*",
      "srcSize": "32",
      "hwRefs": [
        {
          "type": "interface",
          "interface": "m_axi_gmem",
          "name": "",
          "usage": "data",
          "direction": "out"
        },
        {
          "type": "register",
          "interface": "s_axi_control",
          "name": "coef_1",
          "usage": "address",
          "direction": "in"
        },
        {
          "type": "register",
          "interface": "s_axi_control",
          "name": "coef_2",
          "usage": "address",
          "direction": "in"
        }
      ]
    }
  },
  "HlsSolution": {
    "FlowTarget": "vivado",
    "DirectiveTcl": ["set_directive_top fir_wrap -name fir_wrap"],
    "ProfileOption": "0",
    "ProfileType": "none",
    "KernelName": "fir_wrap"
  },
  "ClockInfo": {
    "ClockName": "ap_clk",
    "ClockPeriod": "10",
    "Uncertainty": "2.7",
    "IsCombinational": "0",
    "II": "x",
    "Latency": "undef"
  },
  "Xdc": {"OocClocks": ["create_clock -name ap_clk -period 10.000 [get_ports ap_clk]"]},
  "Ipx": {
    "Vendor": "xilinx.com",
    "Library": "hls",
    "Name": "fir_wrap",
    "Version": "1.0",
    "DisplayName": "Fir_wrap",
    "Revision": "",
    "Description": "An IP generated by Vitis HLS",
    "Taxonomy": "\/VITIS_HLS_IP",
    "AutoFamilySupport": "",
    "ZipFile": "xilinx_com_hls_fir_wrap_1_0.zip"
  },
  "Files": {
    "CSource": ["..\/..\/..\/Lab1_FIR\/src\/fir.cpp"],
    "Vhdl": [
      "impl\/vhdl\/fir_wrap_control_s_axi.vhd",
      "impl\/vhdl\/fir_wrap_CTRL_s_axi.vhd",
      "impl\/vhdl\/fir_wrap_fir.vhd",
      "impl\/vhdl\/fir_wrap_gmem_m_axi.vhd",
      "impl\/vhdl\/fir_wrap_mul_32s_32s_32_2_1.vhd",
      "impl\/vhdl\/fir_wrap.vhd"
    ],
    "Verilog": [
      "impl\/verilog\/fir_wrap_control_s_axi.v",
      "impl\/verilog\/fir_wrap_CTRL_s_axi.v",
      "impl\/verilog\/fir_wrap_fir.v",
      "impl\/verilog\/fir_wrap_gmem_m_axi.v",
      "impl\/verilog\/fir_wrap_mul_32s_32s_32_2_1.v",
      "impl\/verilog\/fir_wrap.v"
    ],
    "SwDriver": [
      "impl\/misc\/drivers\/fir_wrap_v1_0\/data\/fir_wrap.mdd",
      "impl\/misc\/drivers\/fir_wrap_v1_0\/data\/fir_wrap.tcl",
      "impl\/misc\/drivers\/fir_wrap_v1_0\/src\/Makefile",
      "impl\/misc\/drivers\/fir_wrap_v1_0\/src\/xfir_wrap.c",
      "impl\/misc\/drivers\/fir_wrap_v1_0\/src\/xfir_wrap.h",
      "impl\/misc\/drivers\/fir_wrap_v1_0\/src\/xfir_wrap_hw.h",
      "impl\/misc\/drivers\/fir_wrap_v1_0\/src\/xfir_wrap_linux.c",
      "impl\/misc\/drivers\/fir_wrap_v1_0\/src\/xfir_wrap_sinit.c"
    ],
    "IpMisc": ["impl\/misc\/logo.png"],
    "DesignXml": ".autopilot\/db\/fir_wrap.design.xml",
    "DebugDir": ".debug",
    "ProtoInst": ["D:\/desktop\/wjh1906030132\/FPGA_summer_school\/platform\/Lab1_FIR_test\/fir_hls_prj\/solution1\/.debug\/fir_wrap.protoinst"]
  },
  "SubcoreInfo": {
    "HasXpmMemory": false,
    "HasClockedDsp": false,
    "Ip": []
  },
  "Interfaces": {
    "ap_clk": {
      "type": "clock",
      "busTypeName": "clock",
      "mode": "slave",
      "busParams": {
        "ASSOCIATED_BUSIF": "s_axi_CTRL:s_axi_control:m_axi_gmem",
        "ASSOCIATED_RESET": "ap_rst_n"
      },
      "portMap": {"ap_clk": "CLK"},
      "ports": ["ap_clk"]
    },
    "ap_rst_n": {
      "type": "reset",
      "busTypeName": "reset",
      "mode": "slave",
      "busParams": {"POLARITY": "ACTIVE_LOW"},
      "portMap": {"ap_rst_n": "RST"},
      "ports": ["ap_rst_n"]
    },
    "interrupt": {
      "type": "interrupt",
      "busTypeName": "interrupt",
      "mode": "master",
      "dataWidth": "1",
      "busParams": {"SENSITIVITY": "LEVEL_HIGH"},
      "portMap": {"interrupt": "INTERRUPT"},
      "ports": ["interrupt"]
    },
    "m_axi_gmem": {
      "type": "axi4full",
      "busTypeName": "aximm",
      "mode": "master",
      "dataWidth": "32",
      "addrWidth": "64",
      "portPrefix": "m_axi_gmem_",
      "paramPrefix": "C_M_AXI_GMEM_",
      "offsetSlaveName": "s_axi_control",
      "preferredUsageValue": "MEMORY",
      "busParams": {
        "NUM_READ_OUTSTANDING": "16",
        "NUM_WRITE_OUTSTANDING": "16",
        "MAX_READ_BURST_LENGTH": "16",
        "MAX_WRITE_BURST_LENGTH": "16",
        "MAX_BURST_LENGTH": "256",
        "PROTOCOL": "AXI4",
        "READ_WRITE_MODE": "READ_WRITE",
        "HAS_BURST": "0",
        "SUPPORTS_NARROW_BURST": "0"
      },
      "ports": [
        "m_axi_gmem_ARADDR",
        "m_axi_gmem_ARBURST",
        "m_axi_gmem_ARCACHE",
        "m_axi_gmem_ARID",
        "m_axi_gmem_ARLEN",
        "m_axi_gmem_ARLOCK",
        "m_axi_gmem_ARPROT",
        "m_axi_gmem_ARQOS",
        "m_axi_gmem_ARREADY",
        "m_axi_gmem_ARREGION",
        "m_axi_gmem_ARSIZE",
        "m_axi_gmem_ARUSER",
        "m_axi_gmem_ARVALID",
        "m_axi_gmem_AWADDR",
        "m_axi_gmem_AWBURST",
        "m_axi_gmem_AWCACHE",
        "m_axi_gmem_AWID",
        "m_axi_gmem_AWLEN",
        "m_axi_gmem_AWLOCK",
        "m_axi_gmem_AWPROT",
        "m_axi_gmem_AWQOS",
        "m_axi_gmem_AWREADY",
        "m_axi_gmem_AWREGION",
        "m_axi_gmem_AWSIZE",
        "m_axi_gmem_AWUSER",
        "m_axi_gmem_AWVALID",
        "m_axi_gmem_BID",
        "m_axi_gmem_BREADY",
        "m_axi_gmem_BRESP",
        "m_axi_gmem_BUSER",
        "m_axi_gmem_BVALID",
        "m_axi_gmem_RDATA",
        "m_axi_gmem_RID",
        "m_axi_gmem_RLAST",
        "m_axi_gmem_RREADY",
        "m_axi_gmem_RRESP",
        "m_axi_gmem_RUSER",
        "m_axi_gmem_RVALID",
        "m_axi_gmem_WDATA",
        "m_axi_gmem_WID",
        "m_axi_gmem_WLAST",
        "m_axi_gmem_WREADY",
        "m_axi_gmem_WSTRB",
        "m_axi_gmem_WUSER",
        "m_axi_gmem_WVALID"
      ],
      "constraints": [
        {
          "constraint_type": "pragma interface",
          "mode": "m_axi",
          "register_option": "0",
          "offset": "slave",
          "latency": "0",
          "num_read_outstanding": "16",
          "num_write_outstanding": "16",
          "max_read_burst_length": "16",
          "max_write_burst_length": "16",
          "max_widen_bitwidth": "0",
          "argName": "y"
        },
        {
          "constraint_type": "bitwidth",
          "orig_bitwidth": "32",
          "final_bitwidth": "32",
          "argName": "y"
        }
      ]
    },
    "s_axi_control": {
      "type": "axi4lite",
      "busTypeName": "aximm",
      "mode": "slave",
      "dataWidth": "32",
      "addrWidth": "6",
      "portPrefix": "s_axi_control_",
      "paramPrefix": "C_S_AXI_CONTROL_",
      "offsetMasterName": "m_axi_gmem",
      "ports": [
        "s_axi_control_ARADDR",
        "s_axi_control_ARREADY",
        "s_axi_control_ARVALID",
        "s_axi_control_AWADDR",
        "s_axi_control_AWREADY",
        "s_axi_control_AWVALID",
        "s_axi_control_BREADY",
        "s_axi_control_BRESP",
        "s_axi_control_BVALID",
        "s_axi_control_RDATA",
        "s_axi_control_RREADY",
        "s_axi_control_RRESP",
        "s_axi_control_RVALID",
        "s_axi_control_WDATA",
        "s_axi_control_WREADY",
        "s_axi_control_WSTRB",
        "s_axi_control_WVALID"
      ],
      "registers": [
        {
          "offset": "0x10",
          "name": "y_1",
          "access": "W",
          "resetValue": "0x0",
          "description": "Data signal of y",
          "range": "32",
          "fields": [{
              "offset": "0",
              "width": "32",
              "name": "y",
              "access": "W",
              "resetValue": "0",
              "description": "Bit 31 to 0 of y"
            }]
        },
        {
          "offset": "0x14",
          "name": "y_2",
          "access": "W",
          "resetValue": "0x0",
          "description": "Data signal of y",
          "range": "32",
          "fields": [{
              "offset": "0",
              "width": "32",
              "name": "y",
              "access": "W",
              "resetValue": "0",
              "description": "Bit 63 to 32 of y"
            }]
        },
        {
          "offset": "0x1c",
          "name": "x_1",
          "access": "W",
          "resetValue": "0x0",
          "description": "Data signal of x",
          "range": "32",
          "fields": [{
              "offset": "0",
              "width": "32",
              "name": "x",
              "access": "W",
              "resetValue": "0",
              "description": "Bit 31 to 0 of x"
            }]
        },
        {
          "offset": "0x20",
          "name": "x_2",
          "access": "W",
          "resetValue": "0x0",
          "description": "Data signal of x",
          "range": "32",
          "fields": [{
              "offset": "0",
              "width": "32",
              "name": "x",
              "access": "W",
              "resetValue": "0",
              "description": "Bit 63 to 32 of x"
            }]
        },
        {
          "offset": "0x28",
          "name": "coef_1",
          "access": "W",
          "resetValue": "0x0",
          "description": "Data signal of coef",
          "range": "32",
          "fields": [{
              "offset": "0",
              "width": "32",
              "name": "coef",
              "access": "W",
              "resetValue": "0",
              "description": "Bit 31 to 0 of coef"
            }]
        },
        {
          "offset": "0x2c",
          "name": "coef_2",
          "access": "W",
          "resetValue": "0x0",
          "description": "Data signal of coef",
          "range": "32",
          "fields": [{
              "offset": "0",
              "width": "32",
              "name": "coef",
              "access": "W",
              "resetValue": "0",
              "description": "Bit 63 to 32 of coef"
            }]
        }
      ],
      "constraints": [{
          "constraint_type": "pragma interface",
          "mode": "s_axilite",
          "register_option": "0",
          "offset": "16",
          "argName": "y"
        }]
    },
    "s_axi_CTRL": {
      "type": "axi4lite",
      "busTypeName": "aximm",
      "mode": "slave",
      "dataWidth": "32",
      "addrWidth": "5",
      "portPrefix": "s_axi_CTRL_",
      "paramPrefix": "C_S_AXI_CTRL_",
      "ports": [
        "s_axi_CTRL_ARADDR",
        "s_axi_CTRL_ARREADY",
        "s_axi_CTRL_ARVALID",
        "s_axi_CTRL_AWADDR",
        "s_axi_CTRL_AWREADY",
        "s_axi_CTRL_AWVALID",
        "s_axi_CTRL_BREADY",
        "s_axi_CTRL_BRESP",
        "s_axi_CTRL_BVALID",
        "s_axi_CTRL_RDATA",
        "s_axi_CTRL_RREADY",
        "s_axi_CTRL_RRESP",
        "s_axi_CTRL_RVALID",
        "s_axi_CTRL_WDATA",
        "s_axi_CTRL_WREADY",
        "s_axi_CTRL_WSTRB",
        "s_axi_CTRL_WVALID"
      ],
      "registers": [
        {
          "offset": "0x00",
          "name": "CTRL",
          "access": "RW",
          "resetValue": "0x0",
          "description": "Control signals",
          "range": "32",
          "fields": [
            {
              "offset": "0",
              "width": "1",
              "name": "AP_START",
              "access": "RW",
              "resetValue": "0",
              "description": "Control signal Register for 'ap_start'."
            },
            {
              "offset": "1",
              "width": "1",
              "name": "AP_DONE",
              "access": "R",
              "resetValue": "0",
              "description": "Control signal Register for 'ap_done'."
            },
            {
              "offset": "2",
              "width": "1",
              "name": "AP_IDLE",
              "access": "R",
              "resetValue": "0",
              "description": "Control signal Register for 'ap_idle'."
            },
            {
              "offset": "3",
              "width": "1",
              "name": "AP_READY",
              "access": "R",
              "resetValue": "0",
              "description": "Control signal Register for 'ap_ready'."
            },
            {
              "offset": "4",
              "width": "3",
              "name": "RESERVED_1",
              "access": "R",
              "resetValue": "0",
              "description": "Reserved.  0s on read."
            },
            {
              "offset": "7",
              "width": "1",
              "name": "AUTO_RESTART",
              "access": "RW",
              "resetValue": "0",
              "description": "Control signal Register for 'auto_restart'."
            },
            {
              "offset": "8",
              "width": "24",
              "name": "RESERVED_2",
              "access": "R",
              "resetValue": "0",
              "description": "Reserved.  0s on read."
            }
          ]
        },
        {
          "offset": "0x04",
          "name": "GIER",
          "access": "RW",
          "resetValue": "0x0",
          "description": "Global Interrupt Enable Register",
          "range": "32",
          "fields": [
            {
              "offset": "0",
              "width": "1",
              "name": "Enable",
              "access": "RW",
              "resetValue": "0",
              "description": "Master enable for the device interrupt output to the system interrupt controller: 0 = Disabled, 1 = Enabled"
            },
            {
              "offset": "1",
              "width": "31",
              "name": "RESERVED",
              "access": "R",
              "resetValue": "0",
              "description": "Reserved.  0s on read."
            }
          ]
        },
        {
          "offset": "0x08",
          "name": "IP_IER",
          "access": "RW",
          "resetValue": "0x0",
          "description": "IP Interrupt Enable Register",
          "range": "32",
          "fields": [
            {
              "offset": "0",
              "width": "1",
              "name": "CHAN0_INT_EN",
              "access": "RW",
              "resetValue": "0",
              "description": "Enable Channel 0 (ap_done) Interrupt.  0 = Disabled, 1 = Enabled."
            },
            {
              "offset": "1",
              "width": "1",
              "name": "CHAN1_INT_EN",
              "access": "RW",
              "resetValue": "0",
              "description": "Enable Channel 1 (ap_ready) Interrupt.  0 = Disabled, 1 = Enabled."
            },
            {
              "offset": "2",
              "width": "30",
              "name": "RESERVED",
              "access": "R",
              "resetValue": "0",
              "description": "Reserved.  0s on read."
            }
          ]
        },
        {
          "offset": "0x0c",
          "name": "IP_ISR",
          "access": "RW",
          "resetValue": "0x0",
          "description": "IP Interrupt Status Register",
          "range": "32",
          "fields": [
            {
              "offset": "0",
              "width": "1",
              "name": "CHAN0_INT_ST",
              "access": "RTOW",
              "resetValue": "0",
              "description": "Channel 0 (ap_done) Interrupt Status. 0 = No Channel 0 input interrupt, 1 = Channel 0 input interrup"
            },
            {
              "offset": "1",
              "width": "1",
              "name": "CHAN1_INT_ST",
              "access": "RTOW",
              "resetValue": "0",
              "description": "Channel 1 (ap_ready) Interrupt Status. 0 = No Channel 1 input interrupt, 1 = Channel 1 input interrup"
            },
            {
              "offset": "2",
              "width": "30",
              "name": "RESERVED",
              "access": "R",
              "resetValue": "0",
              "description": "Reserved.  0s on read."
            }
          ]
        },
        {
          "offset": "0x10",
          "name": "len",
          "access": "W",
          "resetValue": "0x0",
          "description": "Data signal of len",
          "range": "32",
          "fields": [{
              "offset": "0",
              "width": "32",
              "name": "len",
              "access": "W",
              "resetValue": "0",
              "description": "Bit 31 to 0 of len"
            }]
        }
      ],
      "constraints": [{
          "constraint_type": "pragma interface",
          "mode": "s_axilite",
          "register_option": "0",
          "offset": "16",
          "argName": "len"
        }]
    }
  },
  "RtlPorts": {
    "s_axi_CTRL_AWVALID": {
      "dir": "in",
      "width": "1"
    },
    "s_axi_CTRL_AWREADY": {
      "dir": "out",
      "width": "1"
    },
    "s_axi_CTRL_AWADDR": {
      "dir": "in",
      "width": "5"
    },
    "s_axi_CTRL_WVALID": {
      "dir": "in",
      "width": "1"
    },
    "s_axi_CTRL_WREADY": {
      "dir": "out",
      "width": "1"
    },
    "s_axi_CTRL_WDATA": {
      "dir": "in",
      "width": "32"
    },
    "s_axi_CTRL_WSTRB": {
      "dir": "in",
      "width": "4"
    },
    "s_axi_CTRL_ARVALID": {
      "dir": "in",
      "width": "1"
    },
    "s_axi_CTRL_ARREADY": {
      "dir": "out",
      "width": "1"
    },
    "s_axi_CTRL_ARADDR": {
      "dir": "in",
      "width": "5"
    },
    "s_axi_CTRL_RVALID": {
      "dir": "out",
      "width": "1"
    },
    "s_axi_CTRL_RREADY": {
      "dir": "in",
      "width": "1"
    },
    "s_axi_CTRL_RDATA": {
      "dir": "out",
      "width": "32"
    },
    "s_axi_CTRL_RRESP": {
      "dir": "out",
      "width": "2"
    },
    "s_axi_CTRL_BVALID": {
      "dir": "out",
      "width": "1"
    },
    "s_axi_CTRL_BREADY": {
      "dir": "in",
      "width": "1"
    },
    "s_axi_CTRL_BRESP": {
      "dir": "out",
      "width": "2"
    },
    "s_axi_control_AWVALID": {
      "dir": "in",
      "width": "1"
    },
    "s_axi_control_AWREADY": {
      "dir": "out",
      "width": "1"
    },
    "s_axi_control_AWADDR": {
      "dir": "in",
      "width": "6"
    },
    "s_axi_control_WVALID": {
      "dir": "in",
      "width": "1"
    },
    "s_axi_control_WREADY": {
      "dir": "out",
      "width": "1"
    },
    "s_axi_control_WDATA": {
      "dir": "in",
      "width": "32"
    },
    "s_axi_control_WSTRB": {
      "dir": "in",
      "width": "4"
    },
    "s_axi_control_ARVALID": {
      "dir": "in",
      "width": "1"
    },
    "s_axi_control_ARREADY": {
      "dir": "out",
      "width": "1"
    },
    "s_axi_control_ARADDR": {
      "dir": "in",
      "width": "6"
    },
    "s_axi_control_RVALID": {
      "dir": "out",
      "width": "1"
    },
    "s_axi_control_RREADY": {
      "dir": "in",
      "width": "1"
    },
    "s_axi_control_RDATA": {
      "dir": "out",
      "width": "32"
    },
    "s_axi_control_RRESP": {
      "dir": "out",
      "width": "2"
    },
    "s_axi_control_BVALID": {
      "dir": "out",
      "width": "1"
    },
    "s_axi_control_BREADY": {
      "dir": "in",
      "width": "1"
    },
    "s_axi_control_BRESP": {
      "dir": "out",
      "width": "2"
    },
    "ap_clk": {
      "dir": "in",
      "width": "1"
    },
    "ap_rst_n": {
      "dir": "in",
      "width": "1"
    },
    "interrupt": {
      "dir": "out",
      "width": "1"
    },
    "m_axi_gmem_AWVALID": {
      "dir": "out",
      "width": "1"
    },
    "m_axi_gmem_AWREADY": {
      "dir": "in",
      "width": "1"
    },
    "m_axi_gmem_AWADDR": {
      "dir": "out",
      "width": "64"
    },
    "m_axi_gmem_AWID": {
      "dir": "out",
      "width": "1",
      "isVector": "true"
    },
    "m_axi_gmem_AWLEN": {
      "dir": "out",
      "width": "8"
    },
    "m_axi_gmem_AWSIZE": {
      "dir": "out",
      "width": "3"
    },
    "m_axi_gmem_AWBURST": {
      "dir": "out",
      "width": "2"
    },
    "m_axi_gmem_AWLOCK": {
      "dir": "out",
      "width": "2"
    },
    "m_axi_gmem_AWCACHE": {
      "dir": "out",
      "width": "4"
    },
    "m_axi_gmem_AWPROT": {
      "dir": "out",
      "width": "3"
    },
    "m_axi_gmem_AWQOS": {
      "dir": "out",
      "width": "4"
    },
    "m_axi_gmem_AWREGION": {
      "dir": "out",
      "width": "4"
    },
    "m_axi_gmem_AWUSER": {
      "dir": "out",
      "width": "1",
      "isVector": "true"
    },
    "m_axi_gmem_WVALID": {
      "dir": "out",
      "width": "1"
    },
    "m_axi_gmem_WREADY": {
      "dir": "in",
      "width": "1"
    },
    "m_axi_gmem_WDATA": {
      "dir": "out",
      "width": "32"
    },
    "m_axi_gmem_WSTRB": {
      "dir": "out",
      "width": "4"
    },
    "m_axi_gmem_WLAST": {
      "dir": "out",
      "width": "1"
    },
    "m_axi_gmem_WID": {
      "dir": "out",
      "width": "1",
      "isVector": "true"
    },
    "m_axi_gmem_WUSER": {
      "dir": "out",
      "width": "1",
      "isVector": "true"
    },
    "m_axi_gmem_ARVALID": {
      "dir": "out",
      "width": "1"
    },
    "m_axi_gmem_ARREADY": {
      "dir": "in",
      "width": "1"
    },
    "m_axi_gmem_ARADDR": {
      "dir": "out",
      "width": "64"
    },
    "m_axi_gmem_ARID": {
      "dir": "out",
      "width": "1",
      "isVector": "true"
    },
    "m_axi_gmem_ARLEN": {
      "dir": "out",
      "width": "8"
    },
    "m_axi_gmem_ARSIZE": {
      "dir": "out",
      "width": "3"
    },
    "m_axi_gmem_ARBURST": {
      "dir": "out",
      "width": "2"
    },
    "m_axi_gmem_ARLOCK": {
      "dir": "out",
      "width": "2"
    },
    "m_axi_gmem_ARCACHE": {
      "dir": "out",
      "width": "4"
    },
    "m_axi_gmem_ARPROT": {
      "dir": "out",
      "width": "3"
    },
    "m_axi_gmem_ARQOS": {
      "dir": "out",
      "width": "4"
    },
    "m_axi_gmem_ARREGION": {
      "dir": "out",
      "width": "4"
    },
    "m_axi_gmem_ARUSER": {
      "dir": "out",
      "width": "1",
      "isVector": "true"
    },
    "m_axi_gmem_RVALID": {
      "dir": "in",
      "width": "1"
    },
    "m_axi_gmem_RREADY": {
      "dir": "out",
      "width": "1"
    },
    "m_axi_gmem_RDATA": {
      "dir": "in",
      "width": "32"
    },
    "m_axi_gmem_RLAST": {
      "dir": "in",
      "width": "1"
    },
    "m_axi_gmem_RID": {
      "dir": "in",
      "width": "1",
      "isVector": "true"
    },
    "m_axi_gmem_RUSER": {
      "dir": "in",
      "width": "1",
      "isVector": "true"
    },
    "m_axi_gmem_RRESP": {
      "dir": "in",
      "width": "2"
    },
    "m_axi_gmem_BVALID": {
      "dir": "in",
      "width": "1"
    },
    "m_axi_gmem_BREADY": {
      "dir": "out",
      "width": "1"
    },
    "m_axi_gmem_BRESP": {
      "dir": "in",
      "width": "2"
    },
    "m_axi_gmem_BID": {
      "dir": "in",
      "width": "1",
      "isVector": "true"
    },
    "m_axi_gmem_BUSER": {
      "dir": "in",
      "width": "1",
      "isVector": "true"
    }
  },
  "ModuleInfo": {
    "Hierarchy": {
      "ModuleName": "fir_wrap",
      "Instances": [{
          "ModuleName": "fir",
          "InstanceName": "grp_fir_fu_773"
        }]
    },
    "Info": {
      "fir": {
        "FunctionProtocol": "ap_ctrl_hs",
        "isTaskLevelControl": "0",
        "isPipelined": "1",
        "isCombinational": "0",
        "isOneStateSeq": "0"
      },
      "fir_wrap": {
        "FunctionProtocol": "ap_ctrl_hs",
        "isTaskLevelControl": "0",
        "isPipelined": "0",
        "isCombinational": "0",
        "isOneStateSeq": "0"
      }
    },
    "Metrics": {
      "fir": {
        "Latency": {
          "LatencyBest": "7",
          "LatencyAvg": "7",
          "LatencyWorst": "7",
          "PipelineII": "1",
          "PipelineDepth": "8",
          "PipelineType": "yes"
        },
        "Timing": {
          "Target": "10.00",
          "Uncertainty": "2.70",
          "Estimate": "6.923"
        },
        "Area": {
          "DSP": "0",
          "AVAIL_DSP": "220",
          "UTIL_DSP": "0",
          "FF": "24823",
          "AVAIL_FF": "106400",
          "UTIL_FF": "23",
          "LUT": "8186",
          "AVAIL_LUT": "53200",
          "UTIL_LUT": "15",
          "BRAM_18K": "0",
          "AVAIL_BRAM": "280",
          "UTIL_BRAM": "0",
          "URAM": "0",
          "AVAIL_URAM": "0",
          "UTIL_URAM": "0"
        }
      },
      "fir_wrap": {
        "Latency": {
          "LatencyBest": "",
          "LatencyAvg": "",
          "LatencyWorst": "",
          "PipelineII": "",
          "PipelineDepth": "",
          "PipelineType": "none"
        },
        "Timing": {
          "Target": "10.00",
          "Uncertainty": "2.70",
          "Estimate": "7.300"
        },
        "Loops": [
          {
            "Name": "VITIS_LOOP_41_1",
            "TripCount": "99",
            "Latency": "99",
            "PipelineII": "1",
            "PipelineDepth": "2"
          },
          {
            "Name": "VITIS_LOOP_47_2",
            "TripCount": "",
            "Latency": "",
            "PipelineII": "1",
            "PipelineDepth": "11"
          }
        ],
        "Area": {
          "BRAM_18K": "2",
          "AVAIL_BRAM": "280",
          "UTIL_BRAM": "~0",
          "DSP": "0",
          "AVAIL_DSP": "220",
          "UTIL_DSP": "0",
          "FF": "29252",
          "AVAIL_FF": "106400",
          "UTIL_FF": "27",
          "LUT": "9671",
          "AVAIL_LUT": "53200",
          "UTIL_LUT": "18",
          "URAM": "0",
          "AVAIL_URAM": "0",
          "UTIL_URAM": "0"
        }
      }
    }
  },
  "GenerateBdFiles": "0",
  "GenData": {
    "DataVersion": "0.2",
    "Time": "2023-07-10 23:08:18 +0800",
    "ToolName": "vivado_hls",
    "ToolVersion": "2020.2"
  }
}
