<VitisHLS:BurstInfo>
    <burst group="BURST_VERBOSE_MISSED" fe_name="UnknownUnderlyingObjectMissed" src_info="../Lab1_FIR/src/fir.cpp:28:8" msg_id="214-117" msg_severity="INFO" msg_body="Cannot find or modify the underlying object pointed by 1" ID="bb5.store.1" VarName="1"/>
    <burst group="BURST_VERBOSE_MISSED" fe_name="UnknownUnderlyingObjectMissed" src_info="../Lab1_FIR/src/fir.cpp:20:26" msg_id="214-117" msg_severity="INFO" msg_body="Cannot find or modify the underlying object pointed by getelementptr inbounds ([99 x i32], [99 x i32]* @_ZZ3firPiiE9shift_reg, i64 0, i64 0)" ID="bb2.store.2" VarName="_ZZ3firPiiE9shift_reg"/>
    <burst group="BURST_VERBOSE_MISSED" fe_name="UnknownUnderlyingObjectMissed" src_info="../Lab1_FIR/src/fir.cpp:24:28" msg_id="214-117" msg_severity="INFO" msg_body="Cannot find or modify the underlying object pointed by getelementptr" ID="bb3.load.2" VarName="_ZZ3firPiiE9shift_reg"/>
    <burst group="BURST_VERBOSE_MISSED" fe_name="UnknownUnderlyingObjectMissed" src_info="../Lab1_FIR/src/fir.cpp:24:26" msg_id="214-117" msg_severity="INFO" msg_body="Cannot find or modify the underlying object pointed by getelementptr" ID="bb3.store.4" VarName="_ZZ3firPiiE9shift_reg"/>
    <burst group="BURST_VERBOSE_MISSED" fe_name="UnknownUnderlyingObjectMissed" src_info="../Lab1_FIR/src/fir.cpp:25:35" msg_id="214-117" msg_severity="INFO" msg_body="Cannot find or modify the underlying object pointed by getelementptr" ID="bb3.load.6" VarName="c"/>
    <burst group="BURST_VERBOSE_MISSED" fe_name="UnknownUnderlyingObjectMissed" src_info="" msg_id="214-117" msg_severity="INFO" msg_body="Cannot find or modify the underlying object pointed by getelementptr inbounds ([99 x i32], [99 x i32]* @c, i64 0, i64 0)" ID="bb0.load.6" VarName="c"/>
    <burst group="BURST_VERBOSE_MISSED" fe_name="UnknownUnderlyingObjectMissed" src_info="../Lab1_FIR/src/fir.cpp:24:28" msg_id="214-117" msg_severity="INFO" msg_body="Cannot find or modify the underlying object pointed by getelementptr" ID="bb3.load.2" VarName="_ZZ3firPiiE9shift_reg"/>
    <burst group="BURST_VERBOSE_MISSED" fe_name="UnknownUnderlyingObjectMissed" src_info="../Lab1_FIR/src/fir.cpp:24:26" msg_id="214-117" msg_severity="INFO" msg_body="Cannot find or modify the underlying object pointed by getelementptr" ID="bb3.store.4" VarName="_ZZ3firPiiE9shift_reg"/>
    <burst group="BURST_VERBOSE_MISSED" fe_name="UnknownUnderlyingObjectMissed" src_info="../Lab1_FIR/src/fir.cpp:25:35" msg_id="214-117" msg_severity="INFO" msg_body="Cannot find or modify the underlying object pointed by getelementptr" ID="bb3.load.6" VarName="c"/>
    <burst group="BURST_VERBOSE_MISSED" fe_name="UnknownUnderlyingObjectMissed" src_info="../Lab1_FIR/src/fir.cpp:20:26" msg_id="214-117" msg_severity="INFO" msg_body="Cannot find or modify the underlying object pointed by getelementptr inbounds ([99 x i32], [99 x i32]* @_ZZ3firPiiE9shift_reg, i64 0, i64 0)" ID="bb2.store.2" VarName="_ZZ3firPiiE9shift_reg"/>
    <burst group="BURST_VERBOSE_MISSED" fe_name="UnknownUnderlyingObjectMissed" src_info="../Lab1_FIR/src/fir.cpp:51:8" msg_id="214-117" msg_severity="INFO" msg_body="Cannot find or modify the underlying object pointed by res" ID="bb4.load.9" VarName="res"/>
    <burst group="BURST_VERBOSE_MISSED" fe_name="UnknownUnderlyingObjectMissed" src_info="../Lab1_FIR/src/fir.cpp:44:7" msg_id="214-117" msg_severity="INFO" msg_body="Cannot find or modify the underlying object pointed by getelementptr" ID="bb1.store.7" VarName="c"/>
    <burst group="BURST_VERBOSE_MISSED" fe_name="UnknownUnderlyingObjectMissed" src_info="../Lab1_FIR/src/fir.cpp:51:8" msg_id="214-117" msg_severity="INFO" msg_body="Cannot find or modify the underlying object pointed by res" ID="bb4.load.9" VarName="res"/>
    <burst group="BURST_VERBOSE_PASSED" fe_name="BurstInferredPassed" src_info="../Lab1_FIR/src/fir.cpp:47:19" msg_id="214-116" msg_severity="INFO" msg_body="Sequential read of variable length has been inferred over loop 'VITIS_LOOP_47_2'" OldID="bb4.load.7" ID="x.seq" BundleName="gmem" VarName="x"/>
    <burst group="BURST_VERBOSE_PASSED" fe_name="BurstInferredPassed" src_info="../Lab1_FIR/src/fir.cpp:47:19" msg_id="214-116" msg_severity="INFO" msg_body="Sequential write of variable length has been inferred over loop 'VITIS_LOOP_47_2'" OldID="bb4.store.11" ID="y.seq" BundleName="gmem" VarName="1"/>
    <burst group="BURST_VERBOSE_MISSED" fe_name="UnknownUnderlyingObjectMissed" src_info="../Lab1_FIR/src/fir.cpp:44:7" msg_id="214-117" msg_severity="INFO" msg_body="Cannot find or modify the underlying object pointed by getelementptr" ID="bb1.store.7" VarName="c"/>
    <burst group="BURST_VERBOSE_PASSED" fe_name="BurstInferredPassed" src_info="../Lab1_FIR/src/fir.cpp:41:19" msg_id="214-116" msg_severity="INFO" msg_body="Sequential read of length 99 has been inferred over loop 'VITIS_LOOP_41_1'" OldID="bb1.load.5" ID="coef.seq" BundleName="gmem" VarName="coef"/>
    <burst group="BURST_VERBOSE_MISSED" fe_name="GreaterOrEqualAlignmentMissed" src_info="../Lab1_FIR/src/fir.cpp:47:19" msg_id="214-120" msg_severity="INFO" msg_body="Could not widen since Type i32 size is greater than or equal to alignment 0(bytes)" ID="x.seq" BundleName="gmem" VarName="x"/>
    <burst group="BURST_VERBOSE_MISSED" fe_name="GreaterOrEqualAlignmentMissed" src_info="../Lab1_FIR/src/fir.cpp:47:19" msg_id="214-120" msg_severity="INFO" msg_body="Could not widen since Type i32 size is greater than or equal to alignment 0(bytes)" ID="y.seq" BundleName="gmem" VarName="1"/>
    <burst group="BURST_VERBOSE_MISSED" fe_name="GreaterOrEqualAlignmentMissed" src_info="../Lab1_FIR/src/fir.cpp:41:19" msg_id="214-120" msg_severity="INFO" msg_body="Could not widen since Type i32 size is greater than or equal to alignment 0(bytes)" ID="coef.seq" BundleName="gmem" VarName="coef"/>
    <burst group="BURST_VERBOSE_MISSED" fe_name="BurstConflictMissed" src_info="../Lab1_FIR/src/fir.cpp:47:19" msg_id="214-224" msg_severity="INFO" msg_body="Inferred burst reverted due to conflict with call" resolution="214-224" BundleName="gmem"/>
    <burst group="BURST_VERBOSE_MISSED" fe_name="BurstConflictMissed" src_info="../Lab1_FIR/src/fir.cpp:47:19" msg_id="214-224" msg_severity="INFO" msg_body="Inferred burst reverted due to conflict with call" resolution="214-224" BundleName="gmem"/>
    <burst group="BURST_SUMMARY" fe_name="BurstInferredSummaryPassed" src_info="../Lab1_FIR/src/fir.cpp:41:19" msg_id="214-115" msg_severity="INFO" msg_body="Multiple burst reads of length 99 and bit width 32 in loop 'VITIS_LOOP_41_1' has been inferred on port 'gmem'"/>
</VitisHLS:BurstInfo>

