<profile>

<section name = "Vitis HLS Report for 'fir'" level="0">
<item name = "Date">Mon Jul 10 23:08:10 2023
</item>
<item name = "Version">2020.2 (Build 3064766 on Wed Nov 18 09:12:45 MST 2020)</item>
<item name = "Project">fir_hls_prj</item>
<item name = "Solution">solution1 (Vivado IP Flow Target)</item>
<item name = "Product family">zynq</item>
<item name = "Target device">xc7z020-clg484-1</item>
</section>

<section name = "Performance Estimates" level="0">
<item name = "Timing">
<section name = "" level="1">
<item name = "Summary"><table name="" hasTotal="0">
<keys size="4">Clock, Target, Estimated, Uncertainty</keys>
<column name="ap_clk">10.00 ns, 6.923 ns, 2.70 ns</column>
</table>
</item>
</section>
</item>
<item name = "Latency">
<section name = "" level="1">
<item name = "Summary"><table name="" hasTotal="0">
<keys size="8">, min, max, min, max, min, max, Type</keys>
<column name="">7, 7, 70.000 ns, 70.000 ns, 1, 1, yes</column>
</table>
</item>
<item name = "Detail">
<section name = "" level="1">
<item name = "Instance"><table name="" hasTotal="0">
<keys size="9">Instance, Module, min, max, min, max, min, max, Type</keys>
</table>
</item>
<item name = "Loop"><table name="" hasTotal="0">
<keys size="8">Loop Name, min, max, Latency, achieved, target, Count, Pipelined</keys>
</table>
</item>
</section>
</item>
</section>
</item>
</section>

<section name = "Utilization Estimates" level="0">
<item name = "Summary"><table name="" hasTotal="1">
<keys size="6">Name, BRAM_18K, DSP, FF, LUT, URAM</keys>
<column name="DSP">-, -, -, -, -</column>
<column name="Expression">-, -, 0, 3236, -</column>
<column name="FIFO">-, -, -, -, -</column>
<column name="Instance">-, 0, 16335, 4950, -</column>
<column name="Memory">-, -, -, -, -</column>
<column name="Multiplexer">-, -, -, -, -</column>
<column name="Register">-, -, 8488, -, -</column>
<specialColumn name="Available">280, 220, 106400, 53200, 0</specialColumn>
<specialColumn name="Utilization (%)">0, 0, 23, 15, 0</specialColumn>
</table>
</item>
<item name = "Detail">
<section name = "" level="1">
<item name = "Instance"><table name="" hasTotal="1">
<keys size="7">Instance, Module, BRAM_18K, DSP, FF, LUT, URAM</keys>
<column name="mul_32s_32s_32_2_1_U1">mul_32s_32s_32_2_1, 0, 0, 165, 50, 0</column>
<column name="mul_32s_32s_32_2_1_U2">mul_32s_32s_32_2_1, 0, 0, 165, 50, 0</column>
<column name="mul_32s_32s_32_2_1_U3">mul_32s_32s_32_2_1, 0, 0, 165, 50, 0</column>
<column name="mul_32s_32s_32_2_1_U4">mul_32s_32s_32_2_1, 0, 0, 165, 50, 0</column>
<column name="mul_32s_32s_32_2_1_U5">mul_32s_32s_32_2_1, 0, 0, 165, 50, 0</column>
<column name="mul_32s_32s_32_2_1_U6">mul_32s_32s_32_2_1, 0, 0, 165, 50, 0</column>
<column name="mul_32s_32s_32_2_1_U7">mul_32s_32s_32_2_1, 0, 0, 165, 50, 0</column>
<column name="mul_32s_32s_32_2_1_U8">mul_32s_32s_32_2_1, 0, 0, 165, 50, 0</column>
<column name="mul_32s_32s_32_2_1_U9">mul_32s_32s_32_2_1, 0, 0, 165, 50, 0</column>
<column name="mul_32s_32s_32_2_1_U10">mul_32s_32s_32_2_1, 0, 0, 165, 50, 0</column>
<column name="mul_32s_32s_32_2_1_U11">mul_32s_32s_32_2_1, 0, 0, 165, 50, 0</column>
<column name="mul_32s_32s_32_2_1_U12">mul_32s_32s_32_2_1, 0, 0, 165, 50, 0</column>
<column name="mul_32s_32s_32_2_1_U13">mul_32s_32s_32_2_1, 0, 0, 165, 50, 0</column>
<column name="mul_32s_32s_32_2_1_U14">mul_32s_32s_32_2_1, 0, 0, 165, 50, 0</column>
<column name="mul_32s_32s_32_2_1_U15">mul_32s_32s_32_2_1, 0, 0, 165, 50, 0</column>
<column name="mul_32s_32s_32_2_1_U16">mul_32s_32s_32_2_1, 0, 0, 165, 50, 0</column>
<column name="mul_32s_32s_32_2_1_U17">mul_32s_32s_32_2_1, 0, 0, 165, 50, 0</column>
<column name="mul_32s_32s_32_2_1_U18">mul_32s_32s_32_2_1, 0, 0, 165, 50, 0</column>
<column name="mul_32s_32s_32_2_1_U19">mul_32s_32s_32_2_1, 0, 0, 165, 50, 0</column>
<column name="mul_32s_32s_32_2_1_U20">mul_32s_32s_32_2_1, 0, 0, 165, 50, 0</column>
<column name="mul_32s_32s_32_2_1_U21">mul_32s_32s_32_2_1, 0, 0, 165, 50, 0</column>
<column name="mul_32s_32s_32_2_1_U22">mul_32s_32s_32_2_1, 0, 0, 165, 50, 0</column>
<column name="mul_32s_32s_32_2_1_U23">mul_32s_32s_32_2_1, 0, 0, 165, 50, 0</column>
<column name="mul_32s_32s_32_2_1_U24">mul_32s_32s_32_2_1, 0, 0, 165, 50, 0</column>
<column name="mul_32s_32s_32_2_1_U25">mul_32s_32s_32_2_1, 0, 0, 165, 50, 0</column>
<column name="mul_32s_32s_32_2_1_U26">mul_32s_32s_32_2_1, 0, 0, 165, 50, 0</column>
<column name="mul_32s_32s_32_2_1_U27">mul_32s_32s_32_2_1, 0, 0, 165, 50, 0</column>
<column name="mul_32s_32s_32_2_1_U28">mul_32s_32s_32_2_1, 0, 0, 165, 50, 0</column>
<column name="mul_32s_32s_32_2_1_U29">mul_32s_32s_32_2_1, 0, 0, 165, 50, 0</column>
<column name="mul_32s_32s_32_2_1_U30">mul_32s_32s_32_2_1, 0, 0, 165, 50, 0</column>
<column name="mul_32s_32s_32_2_1_U31">mul_32s_32s_32_2_1, 0, 0, 165, 50, 0</column>
<column name="mul_32s_32s_32_2_1_U32">mul_32s_32s_32_2_1, 0, 0, 165, 50, 0</column>
<column name="mul_32s_32s_32_2_1_U33">mul_32s_32s_32_2_1, 0, 0, 165, 50, 0</column>
<column name="mul_32s_32s_32_2_1_U34">mul_32s_32s_32_2_1, 0, 0, 165, 50, 0</column>
<column name="mul_32s_32s_32_2_1_U35">mul_32s_32s_32_2_1, 0, 0, 165, 50, 0</column>
<column name="mul_32s_32s_32_2_1_U36">mul_32s_32s_32_2_1, 0, 0, 165, 50, 0</column>
<column name="mul_32s_32s_32_2_1_U37">mul_32s_32s_32_2_1, 0, 0, 165, 50, 0</column>
<column name="mul_32s_32s_32_2_1_U38">mul_32s_32s_32_2_1, 0, 0, 165, 50, 0</column>
<column name="mul_32s_32s_32_2_1_U39">mul_32s_32s_32_2_1, 0, 0, 165, 50, 0</column>
<column name="mul_32s_32s_32_2_1_U40">mul_32s_32s_32_2_1, 0, 0, 165, 50, 0</column>
<column name="mul_32s_32s_32_2_1_U41">mul_32s_32s_32_2_1, 0, 0, 165, 50, 0</column>
<column name="mul_32s_32s_32_2_1_U42">mul_32s_32s_32_2_1, 0, 0, 165, 50, 0</column>
<column name="mul_32s_32s_32_2_1_U43">mul_32s_32s_32_2_1, 0, 0, 165, 50, 0</column>
<column name="mul_32s_32s_32_2_1_U44">mul_32s_32s_32_2_1, 0, 0, 165, 50, 0</column>
<column name="mul_32s_32s_32_2_1_U45">mul_32s_32s_32_2_1, 0, 0, 165, 50, 0</column>
<column name="mul_32s_32s_32_2_1_U46">mul_32s_32s_32_2_1, 0, 0, 165, 50, 0</column>
<column name="mul_32s_32s_32_2_1_U47">mul_32s_32s_32_2_1, 0, 0, 165, 50, 0</column>
<column name="mul_32s_32s_32_2_1_U48">mul_32s_32s_32_2_1, 0, 0, 165, 50, 0</column>
<column name="mul_32s_32s_32_2_1_U49">mul_32s_32s_32_2_1, 0, 0, 165, 50, 0</column>
<column name="mul_32s_32s_32_2_1_U50">mul_32s_32s_32_2_1, 0, 0, 165, 50, 0</column>
<column name="mul_32s_32s_32_2_1_U51">mul_32s_32s_32_2_1, 0, 0, 165, 50, 0</column>
<column name="mul_32s_32s_32_2_1_U52">mul_32s_32s_32_2_1, 0, 0, 165, 50, 0</column>
<column name="mul_32s_32s_32_2_1_U53">mul_32s_32s_32_2_1, 0, 0, 165, 50, 0</column>
<column name="mul_32s_32s_32_2_1_U54">mul_32s_32s_32_2_1, 0, 0, 165, 50, 0</column>
<column name="mul_32s_32s_32_2_1_U55">mul_32s_32s_32_2_1, 0, 0, 165, 50, 0</column>
<column name="mul_32s_32s_32_2_1_U56">mul_32s_32s_32_2_1, 0, 0, 165, 50, 0</column>
<column name="mul_32s_32s_32_2_1_U57">mul_32s_32s_32_2_1, 0, 0, 165, 50, 0</column>
<column name="mul_32s_32s_32_2_1_U58">mul_32s_32s_32_2_1, 0, 0, 165, 50, 0</column>
<column name="mul_32s_32s_32_2_1_U59">mul_32s_32s_32_2_1, 0, 0, 165, 50, 0</column>
<column name="mul_32s_32s_32_2_1_U60">mul_32s_32s_32_2_1, 0, 0, 165, 50, 0</column>
<column name="mul_32s_32s_32_2_1_U61">mul_32s_32s_32_2_1, 0, 0, 165, 50, 0</column>
<column name="mul_32s_32s_32_2_1_U62">mul_32s_32s_32_2_1, 0, 0, 165, 50, 0</column>
<column name="mul_32s_32s_32_2_1_U63">mul_32s_32s_32_2_1, 0, 0, 165, 50, 0</column>
<column name="mul_32s_32s_32_2_1_U64">mul_32s_32s_32_2_1, 0, 0, 165, 50, 0</column>
<column name="mul_32s_32s_32_2_1_U65">mul_32s_32s_32_2_1, 0, 0, 165, 50, 0</column>
<column name="mul_32s_32s_32_2_1_U66">mul_32s_32s_32_2_1, 0, 0, 165, 50, 0</column>
<column name="mul_32s_32s_32_2_1_U67">mul_32s_32s_32_2_1, 0, 0, 165, 50, 0</column>
<column name="mul_32s_32s_32_2_1_U68">mul_32s_32s_32_2_1, 0, 0, 165, 50, 0</column>
<column name="mul_32s_32s_32_2_1_U69">mul_32s_32s_32_2_1, 0, 0, 165, 50, 0</column>
<column name="mul_32s_32s_32_2_1_U70">mul_32s_32s_32_2_1, 0, 0, 165, 50, 0</column>
<column name="mul_32s_32s_32_2_1_U71">mul_32s_32s_32_2_1, 0, 0, 165, 50, 0</column>
<column name="mul_32s_32s_32_2_1_U72">mul_32s_32s_32_2_1, 0, 0, 165, 50, 0</column>
<column name="mul_32s_32s_32_2_1_U73">mul_32s_32s_32_2_1, 0, 0, 165, 50, 0</column>
<column name="mul_32s_32s_32_2_1_U74">mul_32s_32s_32_2_1, 0, 0, 165, 50, 0</column>
<column name="mul_32s_32s_32_2_1_U75">mul_32s_32s_32_2_1, 0, 0, 165, 50, 0</column>
<column name="mul_32s_32s_32_2_1_U76">mul_32s_32s_32_2_1, 0, 0, 165, 50, 0</column>
<column name="mul_32s_32s_32_2_1_U77">mul_32s_32s_32_2_1, 0, 0, 165, 50, 0</column>
<column name="mul_32s_32s_32_2_1_U78">mul_32s_32s_32_2_1, 0, 0, 165, 50, 0</column>
<column name="mul_32s_32s_32_2_1_U79">mul_32s_32s_32_2_1, 0, 0, 165, 50, 0</column>
<column name="mul_32s_32s_32_2_1_U80">mul_32s_32s_32_2_1, 0, 0, 165, 50, 0</column>
<column name="mul_32s_32s_32_2_1_U81">mul_32s_32s_32_2_1, 0, 0, 165, 50, 0</column>
<column name="mul_32s_32s_32_2_1_U82">mul_32s_32s_32_2_1, 0, 0, 165, 50, 0</column>
<column name="mul_32s_32s_32_2_1_U83">mul_32s_32s_32_2_1, 0, 0, 165, 50, 0</column>
<column name="mul_32s_32s_32_2_1_U84">mul_32s_32s_32_2_1, 0, 0, 165, 50, 0</column>
<column name="mul_32s_32s_32_2_1_U85">mul_32s_32s_32_2_1, 0, 0, 165, 50, 0</column>
<column name="mul_32s_32s_32_2_1_U86">mul_32s_32s_32_2_1, 0, 0, 165, 50, 0</column>
<column name="mul_32s_32s_32_2_1_U87">mul_32s_32s_32_2_1, 0, 0, 165, 50, 0</column>
<column name="mul_32s_32s_32_2_1_U88">mul_32s_32s_32_2_1, 0, 0, 165, 50, 0</column>
<column name="mul_32s_32s_32_2_1_U89">mul_32s_32s_32_2_1, 0, 0, 165, 50, 0</column>
<column name="mul_32s_32s_32_2_1_U90">mul_32s_32s_32_2_1, 0, 0, 165, 50, 0</column>
<column name="mul_32s_32s_32_2_1_U91">mul_32s_32s_32_2_1, 0, 0, 165, 50, 0</column>
<column name="mul_32s_32s_32_2_1_U92">mul_32s_32s_32_2_1, 0, 0, 165, 50, 0</column>
<column name="mul_32s_32s_32_2_1_U93">mul_32s_32s_32_2_1, 0, 0, 165, 50, 0</column>
<column name="mul_32s_32s_32_2_1_U94">mul_32s_32s_32_2_1, 0, 0, 165, 50, 0</column>
<column name="mul_32s_32s_32_2_1_U95">mul_32s_32s_32_2_1, 0, 0, 165, 50, 0</column>
<column name="mul_32s_32s_32_2_1_U96">mul_32s_32s_32_2_1, 0, 0, 165, 50, 0</column>
<column name="mul_32s_32s_32_2_1_U97">mul_32s_32s_32_2_1, 0, 0, 165, 50, 0</column>
<column name="mul_32s_32s_32_2_1_U98">mul_32s_32s_32_2_1, 0, 0, 165, 50, 0</column>
<column name="mul_32s_32s_32_2_1_U99">mul_32s_32s_32_2_1, 0, 0, 165, 50, 0</column>
</table>
</item>
<item name = "DSP"><table name="" hasTotal="0">
<keys size="3">Instance, Module, Expression</keys>
</table>
</item>
<item name = "Memory"><table name="" hasTotal="1">
<keys size="10">Memory, Module, BRAM_18K, FF, LUT, URAM, Words, Bits, Banks, W*Bits*Banks</keys>
</table>
</item>
<item name = "FIFO"><table name="" hasTotal="1">
<keys size="8">Name, BRAM_18K, FF, LUT, URAM, Depth, Bits, Size:D*B</keys>
</table>
</item>
<item name = "Expression"><table name="" hasTotal="1">
<keys size="7">Variable Name, Operation, DSP, FF, LUT, Bitwidth P0, Bitwidth P1</keys>
<column name="add_ln11_10_fu_2778_p2">+, 0, 0, 32, 32, 32</column>
<column name="add_ln11_11_fu_2606_p2">+, 0, 0, 32, 32, 32</column>
<column name="add_ln11_12_fu_2610_p2">+, 0, 0, 32, 32, 32</column>
<column name="add_ln11_13_fu_2615_p2">+, 0, 0, 32, 32, 32</column>
<column name="add_ln11_14_fu_2619_p2">+, 0, 0, 32, 32, 32</column>
<column name="add_ln11_15_fu_2733_p2">+, 0, 0, 32, 32, 32</column>
<column name="add_ln11_16_fu_2624_p2">+, 0, 0, 39, 32, 32</column>
<column name="add_ln11_17_fu_2628_p2">+, 0, 0, 32, 32, 32</column>
<column name="add_ln11_18_fu_2388_p2">+, 0, 0, 32, 32, 32</column>
<column name="add_ln11_19_fu_2392_p2">+, 0, 0, 32, 32, 32</column>
<column name="add_ln11_1_fu_2714_p2">+, 0, 0, 32, 32, 32</column>
<column name="add_ln11_20_fu_2633_p2">+, 0, 0, 32, 32, 32</column>
<column name="add_ln11_21_fu_2737_p2">+, 0, 0, 32, 32, 32</column>
<column name="add_ln11_22_fu_2782_p2">+, 0, 0, 32, 32, 32</column>
<column name="add_ln11_23_fu_2397_p2">+, 0, 0, 39, 32, 32</column>
<column name="add_ln11_24_fu_2638_p2">+, 0, 0, 32, 32, 32</column>
<column name="add_ln11_25_fu_2401_p2">+, 0, 0, 32, 32, 32</column>
<column name="add_ln11_26_fu_2405_p2">+, 0, 0, 32, 32, 32</column>
<column name="add_ln11_27_fu_2642_p2">+, 0, 0, 32, 32, 32</column>
<column name="add_ln11_28_fu_2410_p2">+, 0, 0, 39, 32, 32</column>
<column name="add_ln11_29_fu_2647_p2">+, 0, 0, 32, 32, 32</column>
<column name="add_ln11_2_fu_2584_p2">+, 0, 0, 32, 32, 32</column>
<column name="add_ln11_30_fu_2414_p2">+, 0, 0, 32, 32, 32</column>
<column name="add_ln11_31_fu_2418_p2">+, 0, 0, 32, 32, 32</column>
<column name="add_ln11_32_fu_2651_p2">+, 0, 0, 32, 32, 32</column>
<column name="add_ln11_33_fu_2787_p2">+, 0, 0, 32, 32, 32</column>
<column name="add_ln11_34_fu_2423_p2">+, 0, 0, 32, 32, 32</column>
<column name="add_ln11_35_fu_2427_p2">+, 0, 0, 32, 32, 32</column>
<column name="add_ln11_36_fu_2432_p2">+, 0, 0, 32, 32, 32</column>
<column name="add_ln11_37_fu_2436_p2">+, 0, 0, 32, 32, 32</column>
<column name="add_ln11_38_fu_2742_p2">+, 0, 0, 32, 32, 32</column>
<column name="add_ln11_39_fu_2441_p2">+, 0, 0, 39, 32, 32</column>
<column name="add_ln11_3_fu_2588_p2">+, 0, 0, 32, 32, 32</column>
<column name="add_ln11_40_fu_2656_p2">+, 0, 0, 32, 32, 32</column>
<column name="add_ln11_41_fu_2445_p2">+, 0, 0, 32, 32, 32</column>
<column name="add_ln11_42_fu_2449_p2">+, 0, 0, 39, 32, 32</column>
<column name="add_ln11_43_fu_2453_p2">+, 0, 0, 32, 32, 32</column>
<column name="add_ln11_44_fu_2660_p2">+, 0, 0, 32, 32, 32</column>
<column name="add_ln11_45_fu_2746_p2">+, 0, 0, 32, 32, 32</column>
<column name="add_ln11_46_fu_2791_p2">+, 0, 0, 32, 32, 32</column>
<column name="add_ln11_47_fu_2805_p2">+, 0, 0, 32, 32, 32</column>
<column name="add_ln11_48_fu_2459_p2">+, 0, 0, 32, 32, 32</column>
<column name="add_ln11_49_fu_2463_p2">+, 0, 0, 32, 32, 32</column>
<column name="add_ln11_4_fu_2719_p2">+, 0, 0, 32, 32, 32</column>
<column name="add_ln11_50_fu_2468_p2">+, 0, 0, 32, 32, 32</column>
<column name="add_ln11_51_fu_2472_p2">+, 0, 0, 32, 32, 32</column>
<column name="add_ln11_52_fu_2751_p2">+, 0, 0, 32, 32, 32</column>
<column name="add_ln11_53_fu_2477_p2">+, 0, 0, 39, 32, 32</column>
<column name="add_ln11_54_fu_2665_p2">+, 0, 0, 32, 32, 32</column>
<column name="add_ln11_55_fu_2481_p2">+, 0, 0, 32, 32, 32</column>
<column name="add_ln11_56_fu_2485_p2">+, 0, 0, 32, 32, 32</column>
<column name="add_ln11_57_fu_2669_p2">+, 0, 0, 32, 32, 32</column>
<column name="add_ln11_58_fu_2755_p2">+, 0, 0, 32, 32, 32</column>
<column name="add_ln11_59_fu_2490_p2">+, 0, 0, 32, 32, 32</column>
<column name="add_ln11_5_fu_2593_p2">+, 0, 0, 39, 32, 32</column>
<column name="add_ln11_60_fu_2494_p2">+, 0, 0, 32, 32, 32</column>
<column name="add_ln11_61_fu_2499_p2">+, 0, 0, 32, 32, 32</column>
<column name="add_ln11_62_fu_2503_p2">+, 0, 0, 32, 32, 32</column>
<column name="add_ln11_63_fu_2760_p2">+, 0, 0, 32, 32, 32</column>
<column name="add_ln11_64_fu_2508_p2">+, 0, 0, 39, 32, 32</column>
<column name="add_ln11_65_fu_2674_p2">+, 0, 0, 32, 32, 32</column>
<column name="add_ln11_66_fu_2512_p2">+, 0, 0, 32, 32, 32</column>
<column name="add_ln11_67_fu_2516_p2">+, 0, 0, 39, 32, 32</column>
<column name="add_ln11_68_fu_2520_p2">+, 0, 0, 32, 32, 32</column>
<column name="add_ln11_69_fu_2678_p2">+, 0, 0, 32, 32, 32</column>
<column name="add_ln11_6_fu_2724_p2">+, 0, 0, 32, 32, 32</column>
<column name="add_ln11_70_fu_2764_p2">+, 0, 0, 32, 32, 32</column>
<column name="add_ln11_71_fu_2796_p2">+, 0, 0, 32, 32, 32</column>
<column name="add_ln11_72_fu_2526_p2">+, 0, 0, 39, 32, 32</column>
<column name="add_ln11_73_fu_2683_p2">+, 0, 0, 32, 32, 32</column>
<column name="add_ln11_74_fu_2530_p2">+, 0, 0, 32, 32, 32</column>
<column name="add_ln11_75_fu_2534_p2">+, 0, 0, 32, 32, 32</column>
<column name="add_ln11_76_fu_2687_p2">+, 0, 0, 32, 32, 32</column>
<column name="add_ln11_77_fu_2539_p2">+, 0, 0, 39, 32, 32</column>
<column name="add_ln11_78_fu_2692_p2">+, 0, 0, 32, 32, 32</column>
<column name="add_ln11_79_fu_2543_p2">+, 0, 0, 32, 32, 32</column>
<column name="add_ln11_7_fu_2597_p2">+, 0, 0, 32, 32, 32</column>
<column name="add_ln11_80_fu_2547_p2">+, 0, 0, 32, 32, 32</column>
<column name="add_ln11_81_fu_2696_p2">+, 0, 0, 32, 32, 32</column>
<column name="add_ln11_82_fu_2769_p2">+, 0, 0, 32, 32, 32</column>
<column name="add_ln11_83_fu_2552_p2">+, 0, 0, 32, 32, 32</column>
<column name="add_ln11_84_fu_2556_p2">+, 0, 0, 32, 32, 32</column>
<column name="add_ln11_85_fu_2561_p2">+, 0, 0, 32, 32, 32</column>
<column name="add_ln11_86_fu_2565_p2">+, 0, 0, 32, 32, 32</column>
<column name="add_ln11_87_fu_2701_p2">+, 0, 0, 32, 32, 32</column>
<column name="add_ln11_88_fu_2570_p2">+, 0, 0, 39, 32, 32</column>
<column name="add_ln11_89_fu_2574_p2">+, 0, 0, 32, 32, 32</column>
<column name="add_ln11_8_fu_2601_p2">+, 0, 0, 32, 32, 32</column>
<column name="add_ln11_90_fu_2326_p2">+, 0, 0, 32, 32, 32</column>
<column name="add_ln11_91_fu_2330_p2">+, 0, 0, 39, 32, 32</column>
<column name="add_ln11_92_fu_2334_p2">+, 0, 0, 32, 32, 32</column>
<column name="add_ln11_93_fu_2579_p2">+, 0, 0, 32, 32, 32</column>
<column name="add_ln11_94_fu_2705_p2">+, 0, 0, 32, 32, 32</column>
<column name="add_ln11_95_fu_2773_p2">+, 0, 0, 32, 32, 32</column>
<column name="add_ln11_96_fu_2800_p2">+, 0, 0, 32, 32, 32</column>
<column name="add_ln11_9_fu_2728_p2">+, 0, 0, 32, 32, 32</column>
<column name="add_ln11_fu_2710_p2">+, 0, 0, 39, 32, 32</column>
<column name="ap_return">+, 0, 0, 32, 32, 32</column>
<column name="ap_enable_pp0">xor, 0, 0, 2, 1, 2</column>
</table>
</item>
<item name = "Multiplexer"><table name="" hasTotal="1">
<keys size="5">Name, LUT, Input Size, Bits, Total Bits</keys>
</table>
</item>
<item name = "Register"><table name="" hasTotal="1">
<keys size="5">Name, FF, LUT, Bits, Const Bits</keys>
<column name="add_ln11_12_reg_4442">32, 0, 32, 0</column>
<column name="add_ln11_14_reg_4447">32, 0, 32, 0</column>
<column name="add_ln11_19_reg_4292">32, 0, 32, 0</column>
<column name="add_ln11_20_reg_4452">32, 0, 32, 0</column>
<column name="add_ln11_21_reg_4507">32, 0, 32, 0</column>
<column name="add_ln11_22_reg_4532">32, 0, 32, 0</column>
<column name="add_ln11_23_reg_4297">32, 0, 32, 0</column>
<column name="add_ln11_26_reg_4302">32, 0, 32, 0</column>
<column name="add_ln11_27_reg_4457">32, 0, 32, 0</column>
<column name="add_ln11_27_reg_4457_pp0_iter5_reg">32, 0, 32, 0</column>
<column name="add_ln11_28_reg_4307">32, 0, 32, 0</column>
<column name="add_ln11_31_reg_4312">32, 0, 32, 0</column>
<column name="add_ln11_32_reg_4462">32, 0, 32, 0</column>
<column name="add_ln11_32_reg_4462_pp0_iter5_reg">32, 0, 32, 0</column>
<column name="add_ln11_35_reg_4317">32, 0, 32, 0</column>
<column name="add_ln11_35_reg_4317_pp0_iter4_reg">32, 0, 32, 0</column>
<column name="add_ln11_37_reg_4322">32, 0, 32, 0</column>
<column name="add_ln11_37_reg_4322_pp0_iter4_reg">32, 0, 32, 0</column>
<column name="add_ln11_39_reg_4327">32, 0, 32, 0</column>
<column name="add_ln11_3_reg_4427">32, 0, 32, 0</column>
<column name="add_ln11_43_reg_4332">32, 0, 32, 0</column>
<column name="add_ln11_44_reg_4467">32, 0, 32, 0</column>
<column name="add_ln11_45_reg_4512">32, 0, 32, 0</column>
<column name="add_ln11_46_reg_4537">32, 0, 32, 0</column>
<column name="add_ln11_49_reg_4337">32, 0, 32, 0</column>
<column name="add_ln11_49_reg_4337_pp0_iter4_reg">32, 0, 32, 0</column>
<column name="add_ln11_4_reg_4497">32, 0, 32, 0</column>
<column name="add_ln11_51_reg_4342">32, 0, 32, 0</column>
<column name="add_ln11_51_reg_4342_pp0_iter4_reg">32, 0, 32, 0</column>
<column name="add_ln11_53_reg_4347">32, 0, 32, 0</column>
<column name="add_ln11_56_reg_4352">32, 0, 32, 0</column>
<column name="add_ln11_57_reg_4472">32, 0, 32, 0</column>
<column name="add_ln11_58_reg_4517">32, 0, 32, 0</column>
<column name="add_ln11_5_reg_4432">32, 0, 32, 0</column>
<column name="add_ln11_60_reg_4357">32, 0, 32, 0</column>
<column name="add_ln11_60_reg_4357_pp0_iter4_reg">32, 0, 32, 0</column>
<column name="add_ln11_62_reg_4362">32, 0, 32, 0</column>
<column name="add_ln11_62_reg_4362_pp0_iter4_reg">32, 0, 32, 0</column>
<column name="add_ln11_64_reg_4367">32, 0, 32, 0</column>
<column name="add_ln11_68_reg_4372">32, 0, 32, 0</column>
<column name="add_ln11_69_reg_4477">32, 0, 32, 0</column>
<column name="add_ln11_70_reg_4522">32, 0, 32, 0</column>
<column name="add_ln11_72_reg_4377">32, 0, 32, 0</column>
<column name="add_ln11_75_reg_4382">32, 0, 32, 0</column>
<column name="add_ln11_76_reg_4482">32, 0, 32, 0</column>
<column name="add_ln11_77_reg_4387">32, 0, 32, 0</column>
<column name="add_ln11_80_reg_4392">32, 0, 32, 0</column>
<column name="add_ln11_81_reg_4487">32, 0, 32, 0</column>
<column name="add_ln11_84_reg_4397">32, 0, 32, 0</column>
<column name="add_ln11_86_reg_4402">32, 0, 32, 0</column>
<column name="add_ln11_8_reg_4437">32, 0, 32, 0</column>
<column name="add_ln11_92_reg_4162">32, 0, 32, 0</column>
<column name="add_ln11_93_reg_4407">32, 0, 32, 0</column>
<column name="add_ln11_94_reg_4492">32, 0, 32, 0</column>
<column name="add_ln11_95_reg_4527">32, 0, 32, 0</column>
<column name="add_ln11_96_reg_4542">32, 0, 32, 0</column>
<column name="add_ln11_9_reg_4502">32, 0, 32, 0</column>
<column name="ap_CS_fsm">1, 0, 1, 0</column>
<column name="ap_enable_reg_pp0_iter1">1, 0, 1, 0</column>
<column name="ap_enable_reg_pp0_iter2">1, 0, 1, 0</column>
<column name="ap_enable_reg_pp0_iter3">1, 0, 1, 0</column>
<column name="ap_enable_reg_pp0_iter4">1, 0, 1, 0</column>
<column name="ap_enable_reg_pp0_iter5">1, 0, 1, 0</column>
<column name="ap_enable_reg_pp0_iter6">1, 0, 1, 0</column>
<column name="ap_enable_reg_pp0_iter7">1, 0, 1, 0</column>
<column name="mul_ln25_10_reg_4227">32, 0, 32, 0</column>
<column name="mul_ln25_11_reg_4232">32, 0, 32, 0</column>
<column name="mul_ln25_12_reg_4237">32, 0, 32, 0</column>
<column name="mul_ln25_13_reg_4242">32, 0, 32, 0</column>
<column name="mul_ln25_14_reg_4247">32, 0, 32, 0</column>
<column name="mul_ln25_15_reg_4252">32, 0, 32, 0</column>
<column name="mul_ln25_16_reg_4257">32, 0, 32, 0</column>
<column name="mul_ln25_17_reg_4262">32, 0, 32, 0</column>
<column name="mul_ln25_18_reg_4267">32, 0, 32, 0</column>
<column name="mul_ln25_19_reg_4272">32, 0, 32, 0</column>
<column name="mul_ln25_1_reg_4417">32, 0, 32, 0</column>
<column name="mul_ln25_20_reg_4277">32, 0, 32, 0</column>
<column name="mul_ln25_21_reg_3792">32, 0, 32, 0</column>
<column name="mul_ln25_22_reg_3797">32, 0, 32, 0</column>
<column name="mul_ln25_23_reg_3802">32, 0, 32, 0</column>
<column name="mul_ln25_24_reg_4282">32, 0, 32, 0</column>
<column name="mul_ln25_25_reg_3812">32, 0, 32, 0</column>
<column name="mul_ln25_26_reg_3817">32, 0, 32, 0</column>
<column name="mul_ln25_27_reg_3822">32, 0, 32, 0</column>
<column name="mul_ln25_28_reg_3827">32, 0, 32, 0</column>
<column name="mul_ln25_29_reg_3832">32, 0, 32, 0</column>
<column name="mul_ln25_2_reg_4422">32, 0, 32, 0</column>
<column name="mul_ln25_30_reg_3837">32, 0, 32, 0</column>
<column name="mul_ln25_30_reg_3837_pp0_iter3_reg">32, 0, 32, 0</column>
<column name="mul_ln25_31_reg_3842">32, 0, 32, 0</column>
<column name="mul_ln25_32_reg_3847">32, 0, 32, 0</column>
<column name="mul_ln25_33_reg_3852">32, 0, 32, 0</column>
<column name="mul_ln25_34_reg_3857">32, 0, 32, 0</column>
<column name="mul_ln25_35_reg_3862">32, 0, 32, 0</column>
<column name="mul_ln25_36_reg_3867">32, 0, 32, 0</column>
<column name="mul_ln25_37_reg_3872">32, 0, 32, 0</column>
<column name="mul_ln25_38_reg_3877">32, 0, 32, 0</column>
<column name="mul_ln25_39_reg_3882">32, 0, 32, 0</column>
<column name="mul_ln25_3_reg_4192">32, 0, 32, 0</column>
<column name="mul_ln25_40_reg_3887">32, 0, 32, 0</column>
<column name="mul_ln25_41_reg_3892">32, 0, 32, 0</column>
<column name="mul_ln25_42_reg_3897">32, 0, 32, 0</column>
<column name="mul_ln25_42_reg_3897_pp0_iter3_reg">32, 0, 32, 0</column>
<column name="mul_ln25_43_reg_3902">32, 0, 32, 0</column>
<column name="mul_ln25_44_reg_3907">32, 0, 32, 0</column>
<column name="mul_ln25_45_reg_3912">32, 0, 32, 0</column>
<column name="mul_ln25_46_reg_3917">32, 0, 32, 0</column>
<column name="mul_ln25_47_reg_3922">32, 0, 32, 0</column>
<column name="mul_ln25_48_reg_3927">32, 0, 32, 0</column>
<column name="mul_ln25_49_reg_3932">32, 0, 32, 0</column>
<column name="mul_ln25_4_reg_4197">32, 0, 32, 0</column>
<column name="mul_ln25_50_reg_3937">32, 0, 32, 0</column>
<column name="mul_ln25_51_reg_3942">32, 0, 32, 0</column>
<column name="mul_ln25_52_reg_3947">32, 0, 32, 0</column>
<column name="mul_ln25_53_reg_3952">32, 0, 32, 0</column>
<column name="mul_ln25_54_reg_3957">32, 0, 32, 0</column>
<column name="mul_ln25_55_reg_3962">32, 0, 32, 0</column>
<column name="mul_ln25_55_reg_3962_pp0_iter3_reg">32, 0, 32, 0</column>
<column name="mul_ln25_56_reg_3967">32, 0, 32, 0</column>
<column name="mul_ln25_57_reg_3972">32, 0, 32, 0</column>
<column name="mul_ln25_58_reg_3977">32, 0, 32, 0</column>
<column name="mul_ln25_59_reg_3982">32, 0, 32, 0</column>
<column name="mul_ln25_5_reg_4202">32, 0, 32, 0</column>
<column name="mul_ln25_60_reg_3987">32, 0, 32, 0</column>
<column name="mul_ln25_61_reg_3992">32, 0, 32, 0</column>
<column name="mul_ln25_62_reg_3997">32, 0, 32, 0</column>
<column name="mul_ln25_63_reg_4002">32, 0, 32, 0</column>
<column name="mul_ln25_64_reg_4007">32, 0, 32, 0</column>
<column name="mul_ln25_65_reg_4012">32, 0, 32, 0</column>
<column name="mul_ln25_66_reg_4017">32, 0, 32, 0</column>
<column name="mul_ln25_67_reg_4022">32, 0, 32, 0</column>
<column name="mul_ln25_67_reg_4022_pp0_iter3_reg">32, 0, 32, 0</column>
<column name="mul_ln25_68_reg_4027">32, 0, 32, 0</column>
<column name="mul_ln25_69_reg_4032">32, 0, 32, 0</column>
<column name="mul_ln25_6_reg_4207">32, 0, 32, 0</column>
<column name="mul_ln25_6_reg_4207_pp0_iter4_reg">32, 0, 32, 0</column>
<column name="mul_ln25_70_reg_4037">32, 0, 32, 0</column>
<column name="mul_ln25_71_reg_4042">32, 0, 32, 0</column>
<column name="mul_ln25_72_reg_4047">32, 0, 32, 0</column>
<column name="mul_ln25_73_reg_4052">32, 0, 32, 0</column>
<column name="mul_ln25_74_reg_4287">32, 0, 32, 0</column>
<column name="mul_ln25_75_reg_4062">32, 0, 32, 0</column>
<column name="mul_ln25_76_reg_4067">32, 0, 32, 0</column>
<column name="mul_ln25_77_reg_4072">32, 0, 32, 0</column>
<column name="mul_ln25_78_reg_4077">32, 0, 32, 0</column>
<column name="mul_ln25_79_reg_4082">32, 0, 32, 0</column>
<column name="mul_ln25_7_reg_4212">32, 0, 32, 0</column>
<column name="mul_ln25_80_reg_4087">32, 0, 32, 0</column>
<column name="mul_ln25_80_reg_4087_pp0_iter3_reg">32, 0, 32, 0</column>
<column name="mul_ln25_81_reg_4092">32, 0, 32, 0</column>
<column name="mul_ln25_82_reg_4097">32, 0, 32, 0</column>
<column name="mul_ln25_83_reg_4102">32, 0, 32, 0</column>
<column name="mul_ln25_84_reg_4107">32, 0, 32, 0</column>
<column name="mul_ln25_85_reg_4112">32, 0, 32, 0</column>
<column name="mul_ln25_86_reg_4117">32, 0, 32, 0</column>
<column name="mul_ln25_87_reg_4122">32, 0, 32, 0</column>
<column name="mul_ln25_88_reg_4127">32, 0, 32, 0</column>
<column name="mul_ln25_89_reg_4132">32, 0, 32, 0</column>
<column name="mul_ln25_8_reg_4217">32, 0, 32, 0</column>
<column name="mul_ln25_90_reg_4137">32, 0, 32, 0</column>
<column name="mul_ln25_91_reg_4142">32, 0, 32, 0</column>
<column name="mul_ln25_92_reg_4147">32, 0, 32, 0</column>
<column name="mul_ln25_93_reg_4152">32, 0, 32, 0</column>
<column name="mul_ln25_94_reg_4157">32, 0, 32, 0</column>
<column name="mul_ln25_95_reg_3596">32, 0, 32, 0</column>
<column name="mul_ln25_96_reg_3601">32, 0, 32, 0</column>
<column name="mul_ln25_97_reg_3606">32, 0, 32, 0</column>
<column name="mul_ln25_9_reg_4222">32, 0, 32, 0</column>
<column name="mul_ln25_reg_4412">32, 0, 32, 0</column>
<column name="mul_reg_2860">32, 0, 32, 0</column>
<column name="shift_reg_0">32, 0, 32, 0</column>
<column name="shift_reg_1">32, 0, 32, 0</column>
<column name="shift_reg_10">32, 0, 32, 0</column>
<column name="shift_reg_11">32, 0, 32, 0</column>
<column name="shift_reg_12">32, 0, 32, 0</column>
<column name="shift_reg_13">32, 0, 32, 0</column>
<column name="shift_reg_14">32, 0, 32, 0</column>
<column name="shift_reg_15">32, 0, 32, 0</column>
<column name="shift_reg_16">32, 0, 32, 0</column>
<column name="shift_reg_17">32, 0, 32, 0</column>
<column name="shift_reg_18">32, 0, 32, 0</column>
<column name="shift_reg_19">32, 0, 32, 0</column>
<column name="shift_reg_2">32, 0, 32, 0</column>
<column name="shift_reg_20">32, 0, 32, 0</column>
<column name="shift_reg_21">32, 0, 32, 0</column>
<column name="shift_reg_22">32, 0, 32, 0</column>
<column name="shift_reg_23">32, 0, 32, 0</column>
<column name="shift_reg_23_load_reg_3396">32, 0, 32, 0</column>
<column name="shift_reg_24">32, 0, 32, 0</column>
<column name="shift_reg_25">32, 0, 32, 0</column>
<column name="shift_reg_26">32, 0, 32, 0</column>
<column name="shift_reg_27">32, 0, 32, 0</column>
<column name="shift_reg_28">32, 0, 32, 0</column>
<column name="shift_reg_29">32, 0, 32, 0</column>
<column name="shift_reg_3">32, 0, 32, 0</column>
<column name="shift_reg_30">32, 0, 32, 0</column>
<column name="shift_reg_31">32, 0, 32, 0</column>
<column name="shift_reg_32">32, 0, 32, 0</column>
<column name="shift_reg_33">32, 0, 32, 0</column>
<column name="shift_reg_34">32, 0, 32, 0</column>
<column name="shift_reg_35">32, 0, 32, 0</column>
<column name="shift_reg_36">32, 0, 32, 0</column>
<column name="shift_reg_37">32, 0, 32, 0</column>
<column name="shift_reg_38">32, 0, 32, 0</column>
<column name="shift_reg_39">32, 0, 32, 0</column>
<column name="shift_reg_3_load_reg_2824">32, 0, 32, 0</column>
<column name="shift_reg_4">32, 0, 32, 0</column>
<column name="shift_reg_40">32, 0, 32, 0</column>
<column name="shift_reg_41">32, 0, 32, 0</column>
<column name="shift_reg_42">32, 0, 32, 0</column>
<column name="shift_reg_43">32, 0, 32, 0</column>
<column name="shift_reg_44">32, 0, 32, 0</column>
<column name="shift_reg_45">32, 0, 32, 0</column>
<column name="shift_reg_46">32, 0, 32, 0</column>
<column name="shift_reg_47">32, 0, 32, 0</column>
<column name="shift_reg_48">32, 0, 32, 0</column>
<column name="shift_reg_49">32, 0, 32, 0</column>
<column name="shift_reg_5">32, 0, 32, 0</column>
<column name="shift_reg_50">32, 0, 32, 0</column>
<column name="shift_reg_51">32, 0, 32, 0</column>
<column name="shift_reg_52">32, 0, 32, 0</column>
<column name="shift_reg_53">32, 0, 32, 0</column>
<column name="shift_reg_54">32, 0, 32, 0</column>
<column name="shift_reg_55">32, 0, 32, 0</column>
<column name="shift_reg_56">32, 0, 32, 0</column>
<column name="shift_reg_57">32, 0, 32, 0</column>
<column name="shift_reg_58">32, 0, 32, 0</column>
<column name="shift_reg_59">32, 0, 32, 0</column>
<column name="shift_reg_6">32, 0, 32, 0</column>
<column name="shift_reg_60">32, 0, 32, 0</column>
<column name="shift_reg_61">32, 0, 32, 0</column>
<column name="shift_reg_62">32, 0, 32, 0</column>
<column name="shift_reg_63">32, 0, 32, 0</column>
<column name="shift_reg_64">32, 0, 32, 0</column>
<column name="shift_reg_65">32, 0, 32, 0</column>
<column name="shift_reg_66">32, 0, 32, 0</column>
<column name="shift_reg_67">32, 0, 32, 0</column>
<column name="shift_reg_68">32, 0, 32, 0</column>
<column name="shift_reg_69">32, 0, 32, 0</column>
<column name="shift_reg_7">32, 0, 32, 0</column>
<column name="shift_reg_70">32, 0, 32, 0</column>
<column name="shift_reg_71">32, 0, 32, 0</column>
<column name="shift_reg_72">32, 0, 32, 0</column>
<column name="shift_reg_73">32, 0, 32, 0</column>
<column name="shift_reg_73_load_reg_2901">32, 0, 32, 0</column>
<column name="shift_reg_74">32, 0, 32, 0</column>
<column name="shift_reg_75">32, 0, 32, 0</column>
<column name="shift_reg_76">32, 0, 32, 0</column>
<column name="shift_reg_77">32, 0, 32, 0</column>
<column name="shift_reg_77_load_reg_2865">32, 0, 32, 0</column>
<column name="shift_reg_78">32, 0, 32, 0</column>
<column name="shift_reg_79">32, 0, 32, 0</column>
<column name="shift_reg_8">32, 0, 32, 0</column>
<column name="shift_reg_80">32, 0, 32, 0</column>
<column name="shift_reg_81">32, 0, 32, 0</column>
<column name="shift_reg_82">32, 0, 32, 0</column>
<column name="shift_reg_83">32, 0, 32, 0</column>
<column name="shift_reg_84">32, 0, 32, 0</column>
<column name="shift_reg_85">32, 0, 32, 0</column>
<column name="shift_reg_86">32, 0, 32, 0</column>
<column name="shift_reg_87">32, 0, 32, 0</column>
<column name="shift_reg_88">32, 0, 32, 0</column>
<column name="shift_reg_89">32, 0, 32, 0</column>
<column name="shift_reg_9">32, 0, 32, 0</column>
<column name="shift_reg_90">32, 0, 32, 0</column>
<column name="shift_reg_91">32, 0, 32, 0</column>
<column name="shift_reg_92">32, 0, 32, 0</column>
<column name="shift_reg_93">32, 0, 32, 0</column>
<column name="shift_reg_94">32, 0, 32, 0</column>
<column name="shift_reg_95">32, 0, 32, 0</column>
<column name="shift_reg_95_load_reg_3611">32, 0, 32, 0</column>
<column name="shift_reg_96">32, 0, 32, 0</column>
<column name="shift_reg_97">32, 0, 32, 0</column>
</table>
</item>
</section>
</item>
</section>

<section name = "Interface" level="0">
<item name = "Summary"><table name="" hasTotal="0">
<keys size="6">RTL Ports, Dir, Bits, Protocol, Source Object, C Type</keys>
<column name="ap_clk">in, 1, ap_ctrl_hs, fir, return value</column>
<column name="ap_rst">in, 1, ap_ctrl_hs, fir, return value</column>
<column name="ap_start">in, 1, ap_ctrl_hs, fir, return value</column>
<column name="ap_done">out, 1, ap_ctrl_hs, fir, return value</column>
<column name="ap_idle">out, 1, ap_ctrl_hs, fir, return value</column>
<column name="ap_ready">out, 1, ap_ctrl_hs, fir, return value</column>
<column name="ap_ce">in, 1, ap_ctrl_hs, fir, return value</column>
<column name="ap_return">out, 32, ap_ctrl_hs, fir, return value</column>
<column name="x">in, 32, ap_none, x, scalar</column>
<column name="c_0">in, 32, ap_none, c_0, pointer</column>
<column name="c_98">in, 32, ap_none, c_98, pointer</column>
<column name="c_97">in, 32, ap_none, c_97, pointer</column>
<column name="c_96">in, 32, ap_none, c_96, pointer</column>
<column name="c_95">in, 32, ap_none, c_95, pointer</column>
<column name="c_94">in, 32, ap_none, c_94, pointer</column>
<column name="c_93">in, 32, ap_none, c_93, pointer</column>
<column name="c_92">in, 32, ap_none, c_92, pointer</column>
<column name="c_91">in, 32, ap_none, c_91, pointer</column>
<column name="c_90">in, 32, ap_none, c_90, pointer</column>
<column name="c_89">in, 32, ap_none, c_89, pointer</column>
<column name="c_88">in, 32, ap_none, c_88, pointer</column>
<column name="c_87">in, 32, ap_none, c_87, pointer</column>
<column name="c_86">in, 32, ap_none, c_86, pointer</column>
<column name="c_85">in, 32, ap_none, c_85, pointer</column>
<column name="c_84">in, 32, ap_none, c_84, pointer</column>
<column name="c_83">in, 32, ap_none, c_83, pointer</column>
<column name="c_82">in, 32, ap_none, c_82, pointer</column>
<column name="c_81">in, 32, ap_none, c_81, pointer</column>
<column name="c_80">in, 32, ap_none, c_80, pointer</column>
<column name="c_79">in, 32, ap_none, c_79, pointer</column>
<column name="c_78">in, 32, ap_none, c_78, pointer</column>
<column name="c_77">in, 32, ap_none, c_77, pointer</column>
<column name="c_76">in, 32, ap_none, c_76, pointer</column>
<column name="c_75">in, 32, ap_none, c_75, pointer</column>
<column name="c_74">in, 32, ap_none, c_74, pointer</column>
<column name="c_73">in, 32, ap_none, c_73, pointer</column>
<column name="c_72">in, 32, ap_none, c_72, pointer</column>
<column name="c_71">in, 32, ap_none, c_71, pointer</column>
<column name="c_70">in, 32, ap_none, c_70, pointer</column>
<column name="c_69">in, 32, ap_none, c_69, pointer</column>
<column name="c_68">in, 32, ap_none, c_68, pointer</column>
<column name="c_67">in, 32, ap_none, c_67, pointer</column>
<column name="c_66">in, 32, ap_none, c_66, pointer</column>
<column name="c_65">in, 32, ap_none, c_65, pointer</column>
<column name="c_64">in, 32, ap_none, c_64, pointer</column>
<column name="c_63">in, 32, ap_none, c_63, pointer</column>
<column name="c_62">in, 32, ap_none, c_62, pointer</column>
<column name="c_61">in, 32, ap_none, c_61, pointer</column>
<column name="c_60">in, 32, ap_none, c_60, pointer</column>
<column name="c_59">in, 32, ap_none, c_59, pointer</column>
<column name="c_58">in, 32, ap_none, c_58, pointer</column>
<column name="c_57">in, 32, ap_none, c_57, pointer</column>
<column name="c_56">in, 32, ap_none, c_56, pointer</column>
<column name="c_55">in, 32, ap_none, c_55, pointer</column>
<column name="c_54">in, 32, ap_none, c_54, pointer</column>
<column name="c_53">in, 32, ap_none, c_53, pointer</column>
<column name="c_52">in, 32, ap_none, c_52, pointer</column>
<column name="c_51">in, 32, ap_none, c_51, pointer</column>
<column name="c_50">in, 32, ap_none, c_50, pointer</column>
<column name="c_49">in, 32, ap_none, c_49, pointer</column>
<column name="c_48">in, 32, ap_none, c_48, pointer</column>
<column name="c_47">in, 32, ap_none, c_47, pointer</column>
<column name="c_46">in, 32, ap_none, c_46, pointer</column>
<column name="c_45">in, 32, ap_none, c_45, pointer</column>
<column name="c_44">in, 32, ap_none, c_44, pointer</column>
<column name="c_43">in, 32, ap_none, c_43, pointer</column>
<column name="c_42">in, 32, ap_none, c_42, pointer</column>
<column name="c_41">in, 32, ap_none, c_41, pointer</column>
<column name="c_40">in, 32, ap_none, c_40, pointer</column>
<column name="c_39">in, 32, ap_none, c_39, pointer</column>
<column name="c_38">in, 32, ap_none, c_38, pointer</column>
<column name="c_37">in, 32, ap_none, c_37, pointer</column>
<column name="c_36">in, 32, ap_none, c_36, pointer</column>
<column name="c_35">in, 32, ap_none, c_35, pointer</column>
<column name="c_34">in, 32, ap_none, c_34, pointer</column>
<column name="c_33">in, 32, ap_none, c_33, pointer</column>
<column name="c_32">in, 32, ap_none, c_32, pointer</column>
<column name="c_31">in, 32, ap_none, c_31, pointer</column>
<column name="c_30">in, 32, ap_none, c_30, pointer</column>
<column name="c_29">in, 32, ap_none, c_29, pointer</column>
<column name="c_28">in, 32, ap_none, c_28, pointer</column>
<column name="c_27">in, 32, ap_none, c_27, pointer</column>
<column name="c_26">in, 32, ap_none, c_26, pointer</column>
<column name="c_25">in, 32, ap_none, c_25, pointer</column>
<column name="c_24">in, 32, ap_none, c_24, pointer</column>
<column name="c_23">in, 32, ap_none, c_23, pointer</column>
<column name="c_22">in, 32, ap_none, c_22, pointer</column>
<column name="c_21">in, 32, ap_none, c_21, pointer</column>
<column name="c_20">in, 32, ap_none, c_20, pointer</column>
<column name="c_19">in, 32, ap_none, c_19, pointer</column>
<column name="c_18">in, 32, ap_none, c_18, pointer</column>
<column name="c_17">in, 32, ap_none, c_17, pointer</column>
<column name="c_16">in, 32, ap_none, c_16, pointer</column>
<column name="c_15">in, 32, ap_none, c_15, pointer</column>
<column name="c_14">in, 32, ap_none, c_14, pointer</column>
<column name="c_13">in, 32, ap_none, c_13, pointer</column>
<column name="c_12">in, 32, ap_none, c_12, pointer</column>
<column name="c_11">in, 32, ap_none, c_11, pointer</column>
<column name="c_10">in, 32, ap_none, c_10, pointer</column>
<column name="c_9">in, 32, ap_none, c_9, pointer</column>
<column name="c_8">in, 32, ap_none, c_8, pointer</column>
<column name="c_7">in, 32, ap_none, c_7, pointer</column>
<column name="c_6">in, 32, ap_none, c_6, pointer</column>
<column name="c_5">in, 32, ap_none, c_5, pointer</column>
<column name="c_4">in, 32, ap_none, c_4, pointer</column>
<column name="c_3">in, 32, ap_none, c_3, pointer</column>
<column name="c_2">in, 32, ap_none, c_2, pointer</column>
<column name="c_1">in, 32, ap_none, c_1, pointer</column>
</table>
</item>
</section>
</profile>
