<?xml version="1.0" encoding="utf-8"?>
<xd:acceleratorMap xmlns:xd="http://www.xilinx.com/xidane" xd:functionName="fir_wrap" xd:componentRef="fir_wrap" xd:initiationInterval="x" xd:clockPeriod="10.000" xd:sequential="true" xd:hostMachine="64" xd:reset="control">
  <xd:controlReg xd:name="control" xd:interfaceRef="s_axi_CTRL" xd:busTypeRef="axilite" xd:type="generic_axi_lite" xd:offset="0x0"/>
  <xd:arg xd:name="*(y)" xd:originalName="y" xd:direction="inout" xd:interfaceRef="m_axi_gmem" xd:busTypeRef="aximm" xd:dataPack="true" xd:bitMapping="0:0" xd:dataWidth="1" xd:bufferDirection="out"/>
  <xd:arg xd:name="*(x)" xd:originalName="x" xd:direction="inout" xd:interfaceRef="m_axi_gmem" xd:busTypeRef="aximm" xd:dataPack="true" xd:bitMapping="0:0" xd:dataWidth="1" xd:bufferDirection="in"/>
  <xd:arg xd:name="*(coef)" xd:originalName="coef" xd:direction="inout" xd:interfaceRef="m_axi_gmem" xd:busTypeRef="aximm" xd:dataPack="true" xd:bitMapping="0:0" xd:dataWidth="1" xd:bufferDirection="in"/>
  <xd:arg xd:name="y" xd:originalName="y" xd:direction="in" xd:interfaceRef="s_axi_control" xd:busTypeRef="axilite" xd:aximmInterfaceRef="m_axi_gmem" xd:dataWidth="64" xd:offset="0x10" xd:handshakeRef="ap_none"/>
  <xd:arg xd:name="x" xd:originalName="x" xd:direction="in" xd:interfaceRef="s_axi_control" xd:busTypeRef="axilite" xd:aximmInterfaceRef="m_axi_gmem" xd:dataWidth="64" xd:offset="0x1C" xd:handshakeRef="ap_none"/>
  <xd:arg xd:name="len" xd:originalName="len" xd:direction="in" xd:interfaceRef="s_axi_CTRL" xd:busTypeRef="axilite" xd:dataWidth="1" xd:offset="0x10" xd:handshakeRef="ap_none"/>
  <xd:arg xd:name="coef" xd:originalName="coef" xd:direction="in" xd:interfaceRef="s_axi_control" xd:busTypeRef="axilite" xd:aximmInterfaceRef="m_axi_gmem" xd:dataWidth="64" xd:offset="0x28" xd:handshakeRef="ap_none"/>
  <xd:latencyEstimates xd:best-case="undef" xd:worst-case="undef" xd:average-case="undef"/>
  <xd:resourceEstimates xd:LUT="9671" xd:FF="29252" xd:BRAM="2" xd:DSP="0"/>
</xd:acceleratorMap>
