<?xml version="1.0" encoding="UTF-8"?>
<project>
  <core name="" type="" target="">
    <kernel name="fir_wrap" language="c" vlnv="xilinx.com:hls:fir_wrap:1.0" attributes="" hash="" preferredWorkGroupSizeMultiple="0" workGroupSize="1" debug="false" interrupt="true">
      <port name="M_AXI_GMEM" mode="master" range="0xFFFFFFFF" dataWidth="1" portType="addressable" base="0x00000000"/>
      <port name="S_AXI_CONTROL" mode="slave" range="0x1000" dataWidth="64" portType="addressable" base="0x00000000"/>
      <port name="S_AXI_CTRL" mode="slave" range="0x1000" dataWidth="64" portType="addressable" base="0x00000000"/>
      <arg name="y" addressQualifier="1" id="0" port="M_AXI_GMEM" size="0x4" offset="0x10" hostOffset="0x0" hostSize="0x4" type="int*"/>
      <arg name="x" addressQualifier="1" id="1" port="M_AXI_GMEM" size="0x4" offset="0x1C" hostOffset="0x0" hostSize="0x4" type="int*"/>
      <arg name="len" addressQualifier="0" id="2" port="S_AXI_CTRL" size="0x4" offset="0x10" hostOffset="0x0" hostSize="0x4" type="int"/>
      <arg name="coef" addressQualifier="1" id="3" port="M_AXI_GMEM" size="0x4" offset="0x28" hostOffset="0x0" hostSize="0x4" type="int*"/>
      <compileWorkGroupSize x="1" y="1" z="1"/>
    </kernel>
  </core>
</project>
